1997,1998,1999,2000,2001,2002,2003,2004,2005,2006,2007,2008,2009,2010,2011,2012,2013,2014,2015,2016,2017,2018,2019,2020,2021,2022,2023,2024
"(9, '199704250ATL')","(13, '199804230CHH')","(2, '199905080ATL')","(13, '200004230IND')","(4, '200104210MIA')","(5, '200204210BOS')","(16, '200304190IND')","(2, '200404180DET')","(16, '200504230DET')","(5, '200604220CLE')","(8, '200704210CHI')","(2, '200804200BOS')","(2, '200904180CLE')","(3, '201004170CLE')","(12, '201104160CHI')","(9, '201204280CHI')","(0, '201304210MIA')","(9, '201404190IND')","(2, '201504190ATL')","(7, '201604170CLE')","(6, '201704160BOS')","(10, '201804140TOR')","(2, '201904140MIL')","(6, '202008180MIL')","(8, '202105220MIL')","(16, '202204170MIL')","(2, '202304160MIL')","(0, '202404210BOS')"
"(11, '199704270ATL')","(15, '199804250CHH')","(5, '199905100ATL')","(4, '200004270IND')","(8, '200104230MIA')","(10, '200204250BOS')","(2, '200304210IND')","(7, '200404210DET')","(5, '200504260DET')","(15, '200604250CLE')","(11, '200704240CHI')","(2, '200804230BOS')","(0, '200904210CLE')","(10, '201004190CLE')","(9, '201104180CHI')","(10, '201205010CHI')","(6, '201304230MIA')","(11, '201404220IND')","(12, '201504220ATL')","(10, '201604200CLE')","(12, '201704180BOS')","(2, '201804170TOR')","(12, '201904170MIL')","(4, '202008200MIL')","(0, '202105240MIL')","(9, '202204200MIL')","(3, '202304190MIL')","(6, '202404240BOS')"
"(3, '199704290DET')","(2, '199804280ATL')","(2, '199905120DET')","(12, '200004290MIL')","(4, '200104270CHH')","(16, '200204280PHI')","(16, '200304240BOS')","(12, '200404240MIL')","(13, '200504290PHI')","(14, '200604280WAS')","(12, '200704270MIA')","(9, '200804260ATL')","(9, '200904240DET')","(2, '201004220CHI')","(6, '201104210IND')","(14, '201205040PHI')","(10, '201304250MIL')","(7, '201404240ATL')","(15, '201504250BRK')","(6, '201604220DET')","(3, '201704210CHI')","(9, '201804200WAS')","(5, '201904200DET')","(3, '202008220ORL')","(2, '202105270MIA')","(2, '202204220CHI')","(7, '202304220MIA')","(3, '202404270MIA')"
"(7, '199705020DET')","(10, '199805010ATL')","(2, '199905140DET')","(4, '200005010MIL')","(7, '200104220MIL')","(7, '200205010PHI')","(16, '200304270BOS')","(7, '200404260MIL')","(9, '200505010PHI')","(13, '200604300WAS')","(8, '200704290MIA')","(13, '200804280ATL')","(8, '200904260DET')","(6, '201004250CHI')","(5, '201104230IND')","(10, '201205060PHI')","(0, '201304280MIL')","(10, '201404260ATL')","(12, '201504270BRK')","(11, '201604240DET')","(20, '201704230CHI')","(14, '201804220WAS')","(12, '201904220DET')","(9, '202008240ORL')","(12, '202105290MIA')","(3, '202204240CHI')","(15, '202304240MIA')","(2, '202404290MIA')"
"(13, '199705040ATL')","(14, '199804240CHI')","(8, '199905160ATL')","(10, '200005040IND')","(9, '200104250MIL')","(10, '200205030BOS')","(10, '200304290IND')","(4, '200404290DET')","(7, '200505030DET')","(8, '200605030CLE')","(2, '200704220CLE')","(3, '200804300BOS')","(11, '200904180BOS')","(12, '201004270CLE')","(0, '201104260CHI')","(6, '201205080CHI')","(7, '201304200NYK')","(5, '201404280IND')","(0, '201504290ATL')","(8, '201604160TOR')","(8, '201704260BOS')","(7, '201804250TOR')","(16, '201904130TOR')","(10, '202008290MIL')","(12, '202105220LAC')","(3, '202204270MIL')","(16, '202304260MIL')","(5, '202405010BOS')"
"(6, '199704250CHI')","(4, '199804260CHI')","(7, '199905090IND')","(9, '200004220MIA')","(14, '200104280ORL')","(13, '200204200CHH')","(0, '200305010BOS')","(7, '200404170IND')","(8, '200504230BOS')","(14, '200605050WAS')","(7, '200704250CLE')","(12, '200805020ATL')","(12, '200904200BOS')","(3, '201004180ORL')","(14, '201104160MIA')","(12, '201205100PHI')","(9, '201304230NYK')","(10, '201405010ATL')","(2, '201505010BRK')","(2, '201604180TOR')","(0, '201704280CHI')","(12, '201804270WAS')","(0, '201904160TOR')","(0, '202008170TOR')","(9, '202105250LAC')","(13, '202204160MEM')","(12, '202304150CLE')","(0, '202404200CLE')"
"(8, '199704270CHI')","(5, '199804290NJN')","(13, '199905110IND')","(10, '200004250MIA')","(16, '200105010ORL')","(17, '200204230CHH')","(4, '200304200DET')","(9, '200404200IND')","(11, '200504250BOS')","(7, '200604230DET')","(17, '200704280WAS')","(3, '200805040BOS')","(0, '200904230CHI')","(0, '201004210ORL')","(0, '201104180MIA')","(3, '201204280MIA')","(2, '201304260BOS')","(6, '201405030IND')","(8, '201504190CLE')","(3, '201604210IND')","(12, '201704150CLE')","(12, '201804150BOS')","(11, '201904190ORL')","(14, '202008190TOR')","(19, '202105280DAL')","(4, '202204190MEM')","(8, '202304180CLE')","(5, '202404220CLE')"
"(12, '199704300WSB')","(2, '199804230IND')","(9, '199905130MIL')","(11, '200004290DET')","(18, '200104210PHI')","(14, '200204270ORL')","(0, '200304230DET')","(6, '200404230BOS')","(4, '200504280IND')","(2, '200604260DET')","(9, '200704300WAS')","(15, '200804200DET')","(7, '200904260CHI')","(9, '201004240CHA')","(10, '201104210PHI')","(8, '201204300MIA')","(20, '201304280BOS')","(11, '201404200MIA')","(9, '201504210CLE')","(0, '201604230IND')","(5, '201704170CLE')","(13, '201804170BOS')","(8, '201904210ORL')","(3, '202008210BRK')","(4, '202105300DAL')","(26, '202204210MIN')","(5, '202304210NYK')","(7, '202404250ORL')"
"(0, '199704240MIA')","(17, '199804250IND')","(2, '199905080MIA')","(19, '200004230NYK')","(6, '200104240PHI')","(7, '200204300ORL')","(11, '200304250ORL')","(7, '200404250BOS')","(5, '200504300IND')","(6, '200604290MIL')","(0, '200704210DET')","(2, '200804230DET')","(11, '200904280BOS')","(11, '201004260CHA')","(16, '201104240PHI')","(11, '201205030NYK')","(11, '201305010NYK')","(3, '201404230MIA')","(9, '201504230BOS')","(17, '201604260TOR')","(26, '201704200IND')","(2, '201804200MIL')","(0, '201904230TOR')","(6, '202008230BRK')","(10, '202106020LAC')","(7, '202204230MIN')","(15, '202304230NYK')","(10, '202404270ORL')"
"(5, '199704270MIA')","(9, '199804270CLE')","(3, '199905100MIA')","(16, '200004260NYK')","(15, '200104280IND')","(3, '200204210DET')","(10, '200304270ORL')","(12, '200404180MIA')","(2, '200505030BOS')","(15, '200605010MIL')","(3, '200704230DET')","(6, '200804250PHI')","(13, '200904300CHI')","(4, '201004170ATL')","(11, '201104270MIA')","(11, '201205060NYK')","(2, '201305030BOS')","(7, '201404260CHA')","(3, '201504260BOS')","(12, '201604290IND')","(13, '201704230IND')","(20, '201804220MIL')","(5, '201904130PHI')","(11, '202008170BOS')","(9, '202106040DAL')","(13, '202204260MEM')","(4, '202304260CLE')","(10, '202404300CLE')"
"(20, '199704290ORL')","(5, '199804300CLE')","(8, '199905120NYK')","(7, '200004300TOR')","(9, '200105020IND')","(10, '200204240DET')","(2, '200304300DET')","(2, '200404210MIA')","(11, '200505050IND')","(2, '200605030DET')","(8, '200704260ORL')","(14, '200804270PHI')","(10, '200905020BOS')","(10, '201004200ATL')","(12, '201104170BOS')","(6, '201205090MIA')","(6, '201304210IND')","(5, '201404280CHA')","(6, '201504180CHI')","(5, '201605010TOR')","(10, '201704150TOR')","(6, '201804240BOS')","(13, '201904150PHI')","(14, '202008190BOS')","(9, '202106060LAC')","(13, '202204290MIN')","(3, '202304150PHI')","(9, '202405030ORL')"
"(6, '199705010ORL')","(0, '199804240MIA')","(11, '199905140NYK')","(11, '200004220CHH')","(7, '200104220NYK')","(2, '200204270TOR')","(6, '200305020ORL')","(3, '200404240NOH')","(5, '200505070BOS')","(14, '200604220MIA')","(10, '200704280ORL')","(4, '200804290DET')","(18, '200904190ORL')","(1, '201004240MIL')","(11, '201104190BOS')","(10, '201204280IND')","(5, '201304240IND')","(12, '201404190TOR')","(9, '201504200CHI')","(0, '201604170MIA')","(13, '201704180TOR')","(14, '201804260MIL')","(10, '201904180BRK')","(9, '202008210PHI')","(12, '202105220BRK')","(15, '202204170BOS')","(10, '202304170PHI')","(18, '202405050CLE')"
"(6, '199705040MIA')","(14, '199804260MIA')","(13, '199905160MIA')","(8, '200004240CHH')","(7, '200104260NYK')","(8, '200204290TOR')","(2, '200305040DET')","(11, '200404270NOH')","(7, '200504240MIA')","(8, '200604240MIA')","(4, '200704210TOR')","(0, '200805010PHI')","(7, '200904220ORL')","(8, '201004260MIL')","(0, '201104220NYK')","(11, '201204300IND')","(7, '201304270ATL')","(11, '201404220TOR')","(18, '201504230MIL')","(7, '201604200MIA')","(0, '201704200MIL')","(5, '201804280BOS')","(10, '201904200BRK')","(6, '202008230PHI')","(3, '202105250BRK')","(17, '202204200BOS')","(13, '202304200BRK')","(2, '202404210MIL')"
"(13, '199704240NYK')","(7, '199804280NYK')","(9, '199905090ORL')","(7, '200004280PHI')","(10, '200104290TOR')","(9, '200205020DET')","(0, '200304190NJN')","(11, '200404300MIA')","(0, '200504260MIA')","(2, '200604270CHI')","(7, '200704240TOR')","(0, '200804200ORL')","(17, '200904240PHI')","(13, '201004280ATL')","(4, '201104240NYK')","(0, '201205020ORL')","(7, '201304290ATL')","(6, '201404250BRK')","(12, '201504250MIL')","(7, '201604230CHO')","(7, '201704220MIL')","(12, '201804140PHI')","(0, '201904230PHI')","(10, '202008180IND')","(15, '202105280BOS')","(7, '202204230BRK')","(11, '202304220BRK')","(8, '202404230MIL')"
"(10, '199704260NYK')","(9, '199804300NYK')","(5, '199905110ORL')","(8, '200005010PHI')","(9, '200105020TOR')","(11, '200204200NJN')","(5, '200304220NJN')","(8, '200405020NOH')","(10, '200504280NJN')","(13, '200604300CHI')","(0, '200704270NJN')","(18, '200804220ORL')","(11, '200904260PHI')","(7, '201004300MIL')","(8, '201104160ORL')","(19, '201205050ORL')","(3, '201305010IND')","(17, '201404270BRK')","(9, '201504270CHI')","(11, '201604250CHO')","(5, '201704240TOR')","(9, '201804160PHI')","(11, '201904140BOS')","(9, '202008200IND')","(9, '202105300BOS')","(10, '202204250BRK')","(2, '202304150BOS')","(19, '202404260IND')"
"(11, '199704280CHH')","(2, '199805030MIA')","(0, '199905130PHI')","(8, '200004230LAL')","(5, '200105040NYK')","(7, '200204220NJN')","(19, '200304240MIL')","(10, '200405040MIA')","(12, '200505010NJN')","(9, '200605020MIA')","(3, '200704290NJN')","(4, '200804240TOR')","(6, '200904280ORL')","(5, '201005020ATL')","(10, '201104190ORL')","(15, '201205080IND')","(4, '201305030ATL')","(26, '201404300TOR')","(0, '201504300MIL')","(12, '201604270MIA')","(25, '201704270MIL')","(11, '201804190MIA')","(12, '201904170BOS')","(3, '202008220MIA')","(6, '202106010BRK')","(6, '202204160GSW')","(11, '202304180BOS')","(5, '202404280IND')"
"(5, '199704240HOU')","(11, '199804240LAL')","(18, '199905150PHI')","(3, '200004270LAL')","(13, '200104210UTA')","(9, '200204260IND')","(15, '200304260MIL')","(8, '200404170NJN')","(7, '200504240CHI')","(2, '200605040CHI')","(3, '200705010TOR')","(8, '200804260TOR')","(3, '200904300PHI')","(14, '201004170BOS')","(14, '201104220ATL')","(2, '201204290ATL')","(2, '201304200BRK')","(2, '201405020BRK')","(15, '201504180TOR')","(7, '201604290CHO')","(11, '201704160WAS')","(12, '201804210MIA')","(15, '201904190IND')","(5, '202008240MIA')","(9, '202105220DEN')","(12, '202204180GSW')","(14, '202304210ATL')","(10, '202404300MIL')"
"(8, '199704260HOU')","(11, '199804260LAL')","(11, '199905090LAL')","(10, '200004300SAC')","(3, '200104240UTA')","(6, '200204300IND')","(9, '200304290NJN')","(9, '200404200NJN')","(13, '200504270CHI')","(6, '200604230NJN')","(10, '200705040NJN')","(8, '200804280ORL')","(5, '200904190ATL')","(9, '201004200BOS')","(16, '201104240ATL')","(11, '201205010ATL')","(7, '201304220BRK')","(6, '201405040TOR')","(10, '201504210TOR')","(4, '201605010MIA')","(10, '201704190WAS')","(6, '201804240PHI')","(9, '201904210IND')","(16, '202008180LAL')","(3, '202105240DEN')","(12, '202204210DEN')","(6, '202304230ATL')","(7, '202405020IND')"
"(9, '199704290MIN')","(7, '199804280POR')","(0, '199905110LAL')","(2, '200005020SAC')","(13, '200104280DAL')","(10, '200205020NJN')","(0, '200305010MIL')","(10, '200404220NYK')","(12, '200504300WAS')","(5, '200604250NJN')","(7, '200704220DAL')","(11, '200804190CLE')","(2, '200904220ATL')","(9, '201004230MIA')","(2, '201104260ORL')","(11, '201205040BOS')","(12, '201304250CHI')","(13, '201404200CHI')","(10, '201504240WAS')","(19, '201604160ATL')","(0, '201704220ATL')","(2, '201804150CLE')","(11, '201904130GSW')","(2, '202008200LAL')","(12, '202105270POR')","(17, '202204240DEN')","(13, '202304250BOS')","(14, '202404200NYK')"
"(6, '199704250LAL')","(4, '199804300POR')","(11, '199905130HOU')","(0, '200005050LAL')","(10, '200105010DAL')","(11, '200204210DAL')","(10, '200304200PHI')","(7, '200404250NYK')","(0, '200505020WAS')","(6, '200604270IND')","(8, '200704250DAL')","(8, '200804210CLE')","(0, '200904250MIA')","(18, '201004250MIA')","(4, '201104280ATL')","(2, '201205060BOS')","(14, '201304270CHI')","(17, '201404220CHI')","(2, '201504260WAS')","(0, '201604190ATL')","(10, '201704240ATL')","(0, '201804180CLE')","(31, '201904150GSW')","(9, '202008220POR')","(10, '202105290POR')","(10, '202204270GSW')","(10, '202304270ATL')","(10, '202404220NYK')"
"(9, '199704270LAL')","(11, '199804230PHO')","(4, '199905150HOU')","(11, '200004220SAS')","(17, '200105030UTA')","(5, '200204240DAL')","(4, '200304230PHI')","(8, '200404170LAL')","(22, '200505040CHI')","(2, '200604290IND')","(4, '200704270GSW')","(2, '200804240WAS')","(0, '200904270MIA')","(4, '201004270BOS')","(10, '201104170SAS')","(12, '201205080ATL')","(7, '201304290BRK')","(9, '201404250WAS')","(4, '201504180GSW')","(20, '201604220BOS')","(11, '201704260WAS')","(17, '201804200IND')","(0, '201904180LAC')","(0, '202008240POR')","(22, '202106010DEN')","(9, '202204160DAL')","(8, '202304160DEN')","(5, '202404250PHI')"
"(0, '199704300POR')","(8, '199804250PHO')","(7, '199905080POR')","(6, '200004250SAS')","(13, '200104220LAL')","(0, '200204280MIN')","(6, '200304260NOH')","(8, '200404190LAL')","(10, '200505060WAS')","(11, '200605020NJN')","(9, '200704290GSW')","(15, '200804270WAS')","(4, '200904290ATL')","(4, '201004180LAL')","(8, '201104200SAS')","(10, '201205100BOS')","(5, '201305020CHI')","(0, '201404270WAS')","(13, '201504200GSW')","(16, '201604240BOS')","(5, '201704280ATL')","(16, '201804220IND')","(11, '201904210LAC')","(14, '202008290LAL')","(14, '202106030POR')","(10, '202204180DAL')","(21, '202304190DEN')","(12, '202404280PHI')"
"(9, '199705020POR')","(9, '199804270SAS')","(0, '199905100POR')","(12, '200004290PHO')","(9, '200104260LAL')","(9, '200204210LAL')","(7, '200304280NOH')","(5, '200404230HOU')","(5, '200504230DAL')","(6, '200605040IND')","(21, '200705010DAL')","(7, '200804300CLE')","(5, '200905010MIA')","(11, '201004200LAL')","(15, '201104230MEM')","(5, '201204290SAS')","(5, '201305040BRK')","(12, '201404290CHI')","(20, '201504230NOP')","(10, '201604260ATL')","(8, '201704160GSW')","(12, '201804250CLE')","(15, '201904240GSW')","(16, '202008170LAC')","(10, '202105230PHI')","(3, '202204210UTA')","(7, '202304210MIN')","(10, '202404300NYK')"
"(10, '199704250SEA')","(6, '199804290SAS')","(18, '199905120PHO')","(13, '200005020PHO')","(6, '200104290POR')","(2, '200204250LAL')","(10, '200304300PHI')","(14, '200404250HOU')","(8, '200504250DAL')","(6, '200604230DAL')","(9, '200705030GSW')","(8, '200805020WAS')","(6, '200905030ATL')","(12, '201004220OKC')","(7, '201104250MEM')","(2, '201205020SAS')","(13, '201304210OKC')","(12, '201404200SAS')","(4, '201504250NOP')","(4, '201604280BOS')","(5, '201704190GSW')","(6, '201804270IND')","(10, '201904260LAC')","(0, '202008190LAC')","(5, '202105260PHI')","(16, '202204230UTA')","(12, '202304230MIN')","(22, '202405020PHI')"
"(0, '199704270SEA')","(0, '199804240SEA')","(6, '199905090SAS')","(11, '200004230POR')","(7, '200104220SAC')","(9, '200204280POR')","(13, '200305020NOH')","(9, '200404280LAL')","(11, '200504280HOU')","(4, '200604260DAL')","(12, '200704220PHO')","(10, '200804200LAL')","(4, '200904190LAL')","(3, '201004240OKC')","(16, '201104270SAS')","(6, '201205050UTA')","(15, '201304240OKC')","(7, '201404230SAS')","(15, '201504180HOU')","(0, '201604160GSW')","(17, '201704220POR')","(14, '201804290CLE')","(4, '201904130DEN')","(6, '202008210DAL')","(2, '202105290WAS')","(4, '202204250DAL')","(15, '202304250DEN')","(10, '202404210OKC')"
"(15, '199704290PHO')","(10, '199804260SEA')","(5, '199905110SAS')","(10, '200004260POR')","(4, '200104250SAC')","(10, '200204200SAC')","(13, '200304190DAL')","(4, '200404180MIN')","(9, '200504300HOU')","(10, '200604290MEM')","(5, '200704240PHO')","(12, '200804230LAL')","(2, '200904210LAL')","(0, '201004270LAL')","(14, '201104290MEM')","(7, '201205070UTA')","(26, '201304270HOU')","(9, '201404260DAL')","(7, '201504210HOU')","(10, '201604180GSW')","(0, '201704240POR')","(11, '201804150HOU')","(19, '201904160DEN')","(21, '202008230DAL')","(14, '202105310WAS')","(12, '202204280UTA')","(16, '202304160PHO')","(5, '202404240OKC')"
"(15, '199705010PHO')","(11, '199804280MIN')","(5, '199905130MIN')","(9, '200004300MIN')","(17, '200104290PHO')","(6, '200204230SAC')","(10, '200304230DAL')","(4, '200404210MIN')","(8, '200505020DAL')","(4, '200605010MEM')","(17, '200704260LAL')","(6, '200804260DEN')","(13, '200904230UTA')","(9, '201004300OKC')","(12, '201104170LAL')","(8, '201204280OKC')","(13, '201304290HOU')","(20, '201404280DAL')","(13, '201504240DAL')","(17, '201604210HOU')","(13, '201704150SAS')","(9, '201804180HOU')","(10, '201904180SAS')","(7, '202008250LAC')","(7, '202106020PHI')","(3, '202204160PHI')","(13, '202304180PHO')","(5, '202404270NOP')"
"(2, '199705030SEA')","(14, '199804300MIN')","(12, '199905150MIN')","(13, '200005020MIN')","(19, '200105020PHO')","(13, '200204270UTA')","(12, '200304250POR')","(0, '200404240DEN')","(10, '200505050HOU')","(16, '200604220LAC')","(9, '200704290LAL')","(13, '200804280DEN')","(7, '200904250UTA')","(8, '201004180DAL')","(9, '201104200LAL')","(16, '201204300OKC')","(8, '201305010OKC')","(13, '201404300SAS')","(12, '201504260DAL')","(10, '201604240HOU')","(2, '201704170SAS')","(11, '201804210MIN')","(12, '201904200SAS')","(7, '202008300DAL')","(14, '202105230UTA')","(9, '202204180PHI')","(6, '202304200LAC')","(5, '202404290NOP')"
"(14, '199704240UTA')","(12, '199805020SEA')","(0, '199905080UTA')","(8, '200004220UTA')","(14, '200104210SAS')","(12, '200204290UTA')","(6, '200304270POR')","(7, '200404270DEN')","(3, '200505070DAL')","(2, '200604240LAC')","(0, '200705020PHO')","(12, '200804190NOH')","(4, '200904270LAL')","(0, '201004210DAL')","(4, '201104220NOH')","(0, '201205030DAL')","(11, '201305030HOU')","(11, '201405020DAL')","(3, '201504280HOU')","(0, '201604270GSW')","(6, '201704200MEM')","(7, '201804230MIN')","(5, '201904230DEN')","(12, '202008170DEN')","(3, '202105260UTA')","(17, '202204200TOR')","(11, '202304220LAC')","(3, '202404210LAC')"
"(16, '199704260UTA')","(5, '199804230UTA')","(13, '199905100UTA')","(8, '200004240UTA')","(3, '200104230SAS')","(8, '200204200SAS')","(10, '200304300DAL')","(0, '200404300MIN')","(5, '200504240PHO')","(11, '200604270DEN')","(9, '200704220SAS')","(2, '200804220NOH')","(3, '200904190DEN')","(9, '201004230SAS')","(9, '201104240NOH')","(13, '201205050DAL')","(2, '201304210SAS')","(2, '201405040SAS')","(12, '201504190LAC')","(2, '201604170SAS')","(10, '201704220MEM')","(10, '201804250HOU')","(10, '201904250SAS')","(9, '202008190DEN')","(15, '202105290MEM')","(12, '202204230TOR')","(10, '202304250PHO')","(8, '202404230LAC')"
"(0, '199704280LAC')","(3, '199804250UTA')","(16, '199905120SAC')","(0, '200004290SEA')","(5, '200104280MIN')","(14, '200204220SAS')","(7, '200305020POR')","(7, '200404180SAC')","(10, '200504270PHO')","(4, '200604290DEN')","(3, '200704250SAS')","(11, '200804250DAL')","(4, '200904220DEN')","(15, '201004250SAS')","(9, '201104260LAL')","(2, '201204290LAL')","(8, '201304240SAS')","(0, '201404190OKC')","(10, '201504220LAC')","(2, '201604190SAS')","(6, '201704250SAS')","(2, '201804140GSW')","(2, '201904270DEN')","(2, '202008210UTA')","(6, '202105310MEM')","(2, '202204250PHI')","(10, '202304150SAC')","(7, '202404260DAL')"
"(16, '199705060CHI')","(13, '199804290HOU')","(9, '199905140SAC')","(8, '200005030SEA')","(5, '200104300MIN')","(9, '200204270SEA')","(9, '200305040DAL')","(9, '200404200SAC')","(9, '200504290MEM')","(6, '200605010LAC')","(8, '200704280DEN')","(9, '200804270DAL')","(16, '200904250NOH')","(2, '201004270DAL')","(4, '201104280NOH')","(9, '201205010LAL')","(3, '201304260LAL')","(10, '201404210OKC')","(0, '201504240SAS')","(13, '201604220MEM')","(10, '201704270MEM')","(8, '201804160GSW')","(3, '201904140POR')","(8, '202008230UTA')","(0, '202106020UTA')","(7, '202204280TOR')","(14, '202304170SAC')","(31, '202404280DAL')"
"(8, '199705080CHI')","(12, '199805010HOU')","(13, '199905160UTA')","(9, '200005050UTA')","(8, '200105060MIL')","(3, '200205010SEA')","(0, '200304200MIN')","(11, '200404240DAL')","(21, '200505010MEM')","(14, '200604230PHO')","(10, '200704300DEN')","(11, '200804290NOH')","(2, '200904270NOH')","(22, '201004290SAS')","(10, '201104160DAL')","(4, '201205040DEN')","(0, '201304280LAL')","(17, '201404240MEM')","(6, '201504260SAS')","(8, '201604240MEM')","(7, '201704160HOU')","(6, '201804190SAS')","(10, '201904160POR')","(15, '202008250DEN')","(11, '202105230NYK')","(0, '202204170PHO')","(0, '202304200GSW')","(4, '202405010LAC')"
"(10, '199705100ATL')","(0, '199805030UTA')","(6, '199905170IND')","(0, '200005060IND')","(5, '200105080MIL')","(2, '200205030SAS')","(0, '200304220MIN')","(8, '200404260DAL')","(9, '200504240SAS')","(3, '200604260PHO')","(11, '200705020SAS')","(16, '200804190SAS')","(9, '200904290DEN')","(9, '201004180PHO')","(8, '201104190DAL')","(7, '201205060DEN')","(9, '201304200DEN')","(14, '201404260MEM')","(14, '201504280LAC')","(0, '201604160OKC')","(15, '201704190HOU')","(3, '201804220SAS')","(16, '201904190OKC')","(10, '202008300UTA')","(15, '202105260NYK')","(9, '202204190PHO')","(10, '202304230GSW')","(13, '202405030DAL')"
"(2, '199705110ATL')","(15, '199805030CHI')","(5, '199905190IND')","(0, '200005080IND')","(10, '200105100CHH')","(5, '200205050DET')","(13, '200304240LAL')","(16, '200404290SAC')","(2, '200504270SAS')","(8, '200604280LAL')","(9, '200704210HOU')","(14, '200804220SAS')","(13, '200904180SAS')","(3, '201004200PHO')","(9, '201104210POR')","(7, '201205080LAL')","(3, '201304230DEN')","(20, '201404290OKC')","(10, '201504300SAS')","(8, '201604180OKC')","(15, '201704210OKC')","(9, '201804240GSW')","(7, '201904210OKC')","(19, '202009010DEN')","(6, '202105280ATL')","(13, '202204220NOP')","(10, '202304260SAC')","(5, '202404200MIN')"
"(7, '199705130CHI')","(9, '199805060CHI')","(13, '199905210PHI')","(8, '200005100PHI')","(13, '200105130CHH')","(0, '200205080DET')","(11, '200304270LAL')","(4, '200404170SAS')","(7, '200504300DEN')","(8, '200604300LAL')","(9, '200704230HOU')","(2, '200804250PHO')","(1, '200904200SAS')","(2, '201004220POR')","(23, '201104230POR')","(0, '201205100DEN')","(13, '201304260GSW')","(2, '201405010MEM')","(8, '201505020LAC')","(0, '201604210DAL')","(14, '201704230OKC')","(6, '201804140POR')","(15, '201904230POR')","(4, '202008180HOU')","(5, '202105300ATL')","(8, '202204240NOP')","(8, '202304280GSW')","(9, '202404230MIN')"
"(8, '199705070MIA')","(4, '199805080CHH')","(17, '199905230PHI')","(19, '200005130PHI')","(4, '200105150MIL')","(6, '200205100BOS')","(9, '200304290MIN')","(4, '200404190SAS')","(12, '200505020DEN')","(10, '200605020PHO')","(4, '200704260UTA')","(0, '200804270PHO')","(0, '200904230DAL')","(7, '201004240POR')","(8, '201104250DAL')","(16, '201205120LAL')","(4, '201304280GSW')","(11, '201405030OKC')","(0, '201504190MEM')","(5, '201604230DAL')","(11, '201704250HOU')","(11, '201804170POR')","(4, '201904140HOU')","(8, '202008200HOU')","(6, '202106020NYK')","(2, '202204260PHO')","(6, '202304300SAC')","(9, '202404260PHO')"
"(12, '199705090MIA')","(9, '199805100CHH')","(11, '199905180ATL')","(0, '200005150IND')","(15, '200105170CHH')","(10, '200205120BOS')","(6, '200305010LAL')","(10, '200404220MEM')","(5, '200505040SAS')","(10, '200605040LAL')","(5, '200704280UTA')","(9, '200804290SAS')","(9, '200904250DAL')","(14, '201004260PHO')","(12, '201104280POR')","(27, '201204290MEM')","(0, '201304300DEN')","(11, '201404190LAC')","(8, '201504220MEM')","(2, '201604250OKC')","(8, '201704150LAC')","(3, '201804190NOP')","(0, '201904170HOU')","(12, '202008220OKC')","(5, '202105230PHO')","(12, '202204280NOP')","(10, '202304160MEM')","(6, '202404280PHO')"
"(12, '199705110NYK')","(9, '199805130CHI')","(11, '199905200ATL')","(14, '200005190PHI')","(8, '200105200MIL')","(9, '200205140DET')","(9, '200304190SAC')","(6, '200404250MEM')","(0, '200504230SEA')","(4, '200605060PHO')","(10, '200704300HOU')","(13, '200804190HOU')","(0, '200904280SAS')","(16, '201004290POR')","(13, '201104170OKC')","(7, '201205020MEM')","(11, '201305020GSW')","(0, '201404210LAC')","(0, '201504250POR')","(8, '201604170LAC')","(0, '201704180LAC')","(6, '201804210NOP')","(8, '201904200UTA')","(15, '202008240OKC')","(15, '202105250PHO')","(3, '202204170MIA')","(3, '202304190MEM')","(12, '202404200DEN')"
"(3, '199705120NYK')","(19, '199805050IND')","(7, '199905230NYK')","(9, '200005070MIA')","(4, '200105060PHI')","(10, '200205050NJN')","(2, '200304210SAC')","(4, '200405030DET')","(4, '200504260SEA')","(2, '200604220SAS')","(7, '200705030UTA')","(9, '200804210HOU')","(0, '200904180POR')","(8, '201004170DEN')","(0, '201104200OKC')","(13, '201205050LAC')","(6, '201304200LAC')","(5, '201404240GSW')","(10, '201504270POR')","(2, '201604200LAC')","(14, '201704210UTA')","(12, '201804150OKC')","(14, '201904220UTA')","(13, '202008290HOU')","(5, '202105270LAL')","(7, '202204190MIA')","(0, '202304220LAL')","(20, '202404220DEN')"
"(11, '199705140MIA')","(10, '199805070IND')","(1, '199905240NYK')","(10, '200005090MIA')","(14, '200105090PHI')","(9, '200205070NJN')","(10, '200304260UTA')","(12, '200405070DET')","(4, '200504290SAC')","(10, '200604250SAS')","(16, '200705050HOU')","(8, '200804240UTA')","(7, '200904210POR')","(14, '201004190DEN')","(9, '201104230DEN')","(10, '201205070LAC')","(12, '201304220LAC')","(2, '201404270GSW')","(13, '201504290MEM')","(11, '201604230POR')","(8, '201704230UTA')","(10, '201804180OKC')","(12, '201904240HOU')","(9, '202008310OKC')","(11, '202105300LAL')","(16, '202204220ATL')","(15, '202304240LAL')","(12, '202404250LAL')"
"(10, '199705160NYK')","(13, '199805090NYK')","(15, '199905180UTA')","(7, '200005120NYK')","(6, '200105110TOR')","(2, '200205090CHH')","(11, '200304280UTA')","(0, '200405090NJN')","(19, '200505010SAC')","(14, '200604280SAC')","(8, '200705060CLE')","(7, '200804260UTA')","(2, '200904240HOU')","(11, '201004230UTA')","(6, '201104250DEN')","(4, '201205090MEM')","(3, '201304250MEM')","(13, '201404290LAC')","(16, '201505040CLE')","(0, '201604250POR')","(11, '201704250LAC')","(12, '201804210UTA')","(15, '201904280MIL')","(8, '202009020HOU')","(5, '202106010PHO')","(8, '202204240ATL')","(5, '202304260MEM')","(4, '202404270LAL')"
"(4, '199705180MIA')","(10, '199805100NYK')","(8, '199905200UTA')","(9, '200005140NYK')","(16, '200105130TOR')","(8, '200205120CHH')","(2, '200304300SAC')","(8, '200405110NJN')","(10, '200505030SEA')","(5, '200604300SAC')","(7, '200705080CLE')","(4, '200804290HOU')","(11, '200904260HOU')","(8, '201004250UTA')","(9, '201104270OKC')","(9, '201205110LAC')","(12, '201304270MEM')","(9, '201405010GSW')","(2, '201505060CLE')","(9, '201604270LAC')","(9, '201704280UTA')","(8, '201804230UTA')","(7, '201904300MIL')","(0, '202008300TOR')","(0, '202106030LAL')","(6, '202204260MIA')","(4, '202304280LAL')","(9, '202404290DEN')"
"(4, '199705050HOU')","(11, '199805130IND')","(5, '199905220POR')","(10, '200005170MIA')","(0, '200105160PHI')","(6, '200205150NJN')","(12, '200304190SAS')","(12, '200405140DET')","(2, '200505090DET')","(14, '200605020SAS')","(12, '200705120NJN')","(2, '200805020UTA')","(11, '200904280POR')","(6, '201004280DEN')","(11, '201105020CHI')","(10, '201205130MEM')","(4, '201304300LAC')","(12, '201405030LAC')","(8, '201505080CHI')","(7, '201604290POR')","(6, '201704300LAC')","(25, '201804250OKC')","(12, '201905030BOS')","(12, '202009010TOR')","(9, '202106050BRK')","(8, '202205010BOS')","(12, '202304300NYK')","(9, '202405060NYK')"
"(6, '199705070HOU')","(14, '199805040SEA')","(11, '199905230POR')","(18, '200005190NYK')","(2, '200105180TOR')","(10, '200205050LAL')","(10, '200304210SAS')","(11, '200405160NJN')","(15, '200505110DET')","(5, '200605050SAC')","(8, '200705140NJN')","(12, '200805060BOS')","(5, '200904300HOU')","(15, '201004300UTA')","(3, '201105040CHI')","(9, '201205130MIA')","(8, '201305030MEM')","(13, '201404200HOU')","(11, '201505100CHI')","(18, '201605020CLE')","(7, '201705010CLE')","(9, '201804270UTA')","(11, '201905060BOS')","(10, '202009030BOS')","(0, '202106070BRK')","(0, '202205030BOS')","(8, '202305020NYK')","(12, '202405080NYK')"
"(14, '199705090SEA')","(7, '199805060SEA')","(0, '199905250UTA')","(11, '200005210MIA')","(13, '200105200PHI')","(6, '200205070LAL')","(2, '200304250PHO')","(6, '200405200DET')","(18, '200505130IND')","(5, '200605070DET')","(5, '200705160CLE')","(12, '200805080BOS')","(9, '200905040LAL')","(11, '201005010CLE')","(0, '201105060ATL')","(11, '201205150MIA')","(8, '201305060MIA')","(9, '201404230HOU')","(10, '201505120CLE')","(5, '201605040CLE')","(2, '201705030CLE')","(5, '201804280GSW')","(11, '201905080MIL')","(8, '202009050BOS')","(21, '202106100MIL')","(14, '202205070MIL')","(0, '202305060MIA')","(12, '202405100IND')"
"(8, '199705110SEA')","(5, '199805080LAL')","(8, '199905270POR')","(5, '200005070LAL')","(6, '200105060LAL')","(6, '200205100SAS')","(12, '200304270PHO')","(5, '200405060IND')","(7, '200505150IND')","(4, '200605090DET')","(2, '200705180NJN')","(4, '200805100CLE')","(15, '200905060LAL')","(7, '201005030CLE')","(8, '201105080ATL')","(9, '201205170IND')","(3, '201305080MIA')","(12, '201404250POR')","(7, '201505140CHI')","(11, '201605060ATL')","(9, '201705050TOR')","(9, '201805010GSW')","(5, '201904270TOR')","(0, '202009070TOR')","(11, '202106130MIL')","(11, '202205090MIL')","(6, '202305080MIA')","(2, '202405120IND')"
"(10, '199705130HOU')","(6, '199805100LAL')","(12, '199905170SAS')","(13, '200005100LAL')","(10, '200105080LAL')","(10, '200205120SAS')","(0, '200304290SAS')","(5, '200405080IND')","(6, '200505170DET')","(10, '200605130CLE')","(4, '200705050DET')","(8, '200805120CLE')","(8, '200905080HOU')","(0, '201005070BOS')","(15, '201105100CHI')","(11, '201205200IND')","(7, '201305100CHI')","(11, '201404270POR')","(12, '201505030ATL')","(12, '201605080ATL')","(16, '201705070TOR')","(4, '201805040NOP')","(4, '201904290TOR')","(12, '202009090BOS')","(17, '202106150BRK')","(14, '202205110BOS')","(10, '202305100NYK')","(7, '202405140NYK')"
"(0, '199705150SEA')","(4, '199805120SEA')","(14, '199905190SAS')","(12, '200005120PHO')","(2, '200105110SAC')","(13, '200205140LAL')","(11, '200305010PHO')","(9, '200405100MIA')","(10, '200505190IND')","(7, '200605150CLE')","(0, '200705070DET')","(14, '200805140BOS')","(0, '200905100HOU')","(11, '201005090BOS')","(2, '201105120ATL')","(3, '201205220MIA')","(2, '201305130CHI')","(5, '201404300HOU')","(10, '201505050ATL')","(10, '201605030TOR')","(17, '201704300BOS')","(2, '201805060NOP')","(0, '201905020PHI')","(12, '202009110TOR')","(0, '202106170MIL')","(9, '202205130MIL')","(14, '202305120MIA')","(5, '202405170IND')"
"(5, '199705170HOU')","(16, '199805050UTA')","(13, '199905220LAL')","(3, '200005140PHO')","(9, '200105130SAC')","(7, '200205040SAC')","(8, '200305060DET')","(9, '200405120MIA')","(2, '200505080MIA')","(10, '200605170DET')","(19, '200705100CHI')","(6, '200805160CLE')","(7, '200905120LAL')","(8, '201005110CLE')","(4, '201105010MIA')","(11, '201205240IND')","(18, '201305150MIA')","(10, '201405020POR')","(21, '201505090WAS')","(14, '201605050TOR')","(14, '201705020BOS')","(11, '201805080GSW')","(11, '201905050PHI')","(11, '202008310MIL')","(10, '202106190BRK')","(10, '202205150BOS')","(12, '202305010BOS')","(3, '202405190NYK')"
"(5, '199705040UTA')","(8, '199805070UTA')","(2, '199905230LAL')","(2, '200005160LAL')","(6, '200105050SAS')","(13, '200205060SAC')","(14, '200305080DET')","(6, '200405150IND')","(13, '200505100MIA')","(7, '200605190CLE')","(9, '200705130CHI')","(2, '200805180BOS')","(0, '200905140HOU')","(10, '201005130BOS')","(8, '201105030MIA')","(13, '201205120BOS')","(7, '201305050NYK')","(14, '201405050IND')","(4, '201505110WAS')","(13, '201605070MIA')","(5, '201705040WAS')","(2, '201804290HOU')","(7, '201905070TOR')","(13, '202009020MIL')","(3, '202106060PHI')","(14, '202205020MIA')","(4, '202305030BOS')","(4, '202405070OKC')"
"(9, '199705060UTA')","(0, '199805090SAS')","(9, '199905300IND')","(4, '200005070POR')","(9, '200105070SAS')","(15, '200205090DAL')","(2, '200305100PHI')","(10, '200405180MIA')","(8, '200505120WAS')","(13, '200605210DET')","(2, '200705150DET')","(6, '200805030DET')","(0, '200905170LAL')","(4, '201005040ORL')","(11, '201105070BOS')","(10, '201205140BOS')","(13, '201305070NYK')","(8, '201405070IND')","(10, '201505130ATL')","(9, '201605090MIA')","(12, '201705070WAS')","(19, '201805020HOU')","(8, '201905090PHI')","(14, '202009040MIA')","(18, '202106080PHI')","(5, '202205040MIA')","(10, '202305050PHI')","(14, '202405090OKC')"
"(2, '199705080LAL')","(10, '199805100SAS')","(17, '199906010IND')","(2, '200005090POR')","(2, '200105090DAL')","(14, '200205110DAL')","(4, '200305110PHI')","(10, '200405020SAS')","(13, '200505140WAS')","(2, '200605080MIA')","(7, '200705170CHI')","(14, '200805050DET')","(9, '200905030DEN')","(9, '201005060ORL')","(11, '201105090BOS')","(7, '201205160PHI')","(7, '201305110IND')","(7, '201405090WAS')","(15, '201505150WAS')","(0, '201605110TOR')","(4, '201705100BOS')","(3, '201805040UTA')","(9, '201905120TOR')","(12, '202009060MIA')","(4, '202106110ATL')","(14, '202205060PHI')","(16, '202305070PHI')","(10, '202405110DAL')"
"(14, '199705100LAL')","(4, '199805120UTA')","(8, '199906050NYK')","(21, '200005110UTA')","(17, '200105120DAL')","(4, '200205130SAC')","(14, '200305140DET')","(2, '200405050SAS')","(0, '200505090PHO')","(0, '200605100MIA')","(8, '200705060PHO')","(2, '200805070ORL')","(11, '200905050DEN')","(4, '201005080ATL')","(10, '201105110MIA')","(18, '201205180PHI')","(8, '201305140IND')","(19, '201405110WAS')","(13, '201505040HOU')","(3, '201605130MIA')","(10, '201705120WAS')","(0, '201805060UTA')","(9, '201904280GSW')","(13, '202009080MIL')","(18, '202106140ATL')","(4, '202205080PHI')","(3, '202305090BOS')","(14, '202405130DAL')"
"(13, '199705120UTA')","(9, '199805170CHI')","(4, '199906070NYK')","(4, '200005140UTA')","(2, '200105140SAS')","(0, '200205190NJN')","(14, '200305160PHI')","(2, '200405090LAL')","(14, '200505110PHO')","(9, '200605120NJN')","(8, '200705080PHO')","(15, '200805100ORL')","(6, '200905090DAL')","(0, '201005100ATL')","(16, '201105020LAL')","(6, '201205210BOS')","(0, '201305160NYK')","(8, '201405130IND')","(13, '201505060HOU')","(5, '201605150TOR')","(8, '201705150BOS')","(11, '201805080HOU')","(0, '201904300GSW')","(6, '202009030LAC')","(26, '202106160PHI')","(5, '202205100MIA')","(16, '202305110PHI')","(6, '202405150OKC')"
"(16, '199705200CHI')","(9, '199805190CHI')","(14, '199906090IND')","(9, '200005160POR')","(6, '200105220PHI')","(4, '200205210NJN')","(11, '200305050NJN')","(11, '200405110LAL')","(9, '200505130DAL')","(7, '200605140NJN')","(10, '200705120SAS')","(8, '200805130DET')","(14, '200905110DAL')","(14, '201005020LAL')","(8, '201105040LAL')","(6, '201205230PHI')","(12, '201305180IND')","(16, '201405150WAS')","(3, '201505080LAC')","(0, '201605010GSW')","(0, '201705020GSW')","(8, '201804300BOS')","(13, '201905040HOU')","(0, '202009050LAC')","(12, '202106180ATL')","(8, '202205120PHI')","(9, '202305140BOS')","(17, '202405180DAL')"
"(4, '199705220CHI')","(8, '199805230IND')","(9, '199906110NYK')","(0, '200005230IND')","(2, '200105240PHI')","(26, '200205250BOS')","(8, '200305070NJN')","(16, '200405130SAS')","(4, '200505150DAL')","(12, '200605160MIA')","(11, '200705140SAS')","(6, '200805040LAL')","(6, '200905130DEN')","(7, '201005040LAL')","(8, '201105060DAL')","(8, '201205260BOS')","(12, '201305050OKC')","(5, '201405060MIA')","(8, '201505100LAC')","(17, '201605030GSW')","(0, '201705040GSW')","(22, '201805030BOS')","(7, '201905060HOU')","(12, '202009070DEN')","(7, '202106200PHI')","(0, '202205020PHO')","(6, '202304290DEN')","(14, '202405040DEN')"
"(5, '199705240MIA')","(12, '199805250IND')","(11, '199905290SAS')","(8, '200005250IND')","(8, '200105260MIL')","(15, '200205270BOS')","(3, '200305090BOS')","(8, '200405150LAL')","(8, '200505180PHO')","(8, '200605070SAS')","(16, '200705160PHO')","(2, '200805070LAL')","(7, '200905050CLE')","(13, '201005080UTA')","(6, '201105080DAL')","(6, '201205150SAS')","(7, '201305070OKC')","(7, '201405080MIA')","(5, '201505120HOU')","(8, '201605070POR')","(11, '201705060UTA')","(10, '201805050PHI')","(20, '201905080GSW')","(18, '202009090DEN')","(10, '202106070PHO')","(10, '202205040PHO')","(8, '202305010DEN')","(2, '202405060DEN')"
"(11, '199705260MIA')","(3, '199805270CHI')","(18, '199905310SAS')","(9, '200005270NYK')","(7, '200105280MIL')","(2, '200205290NJN')","(8, '200305120BOS')","(11, '200405040MIN')","(16, '200505200DAL')","(1, '200605090SAS')","(4, '200705180SAS')","(8, '200805090UTA')","(4, '200905070CLE')","(4, '201005100UTA')","(2, '201105010OKC')","(4, '201205170SAS')","(10, '201305110MEM')","(5, '201405100BRK')","(19, '201505140LAC')","(16, '201605090POR')","(0, '201705080UTA')","(7, '201805070PHI')","(8, '201905100HOU')","(16, '202009110LAC')","(2, '202106090PHO')","(6, '202205060DAL')","(16, '202305050PHO')","(4, '202405100MIN')"
"(0, '199705280CHI')","(10, '199805290IND')","(8, '199906040POR')","(2, '200005290NYK')","(16, '200105300PHI')","(11, '200205310BOS')","(2, '200305060DAL')","(14, '200405080MIN')","(0, '200505080SAS')","(13, '200605130DAL')","(10, '200705070UTA')","(12, '200805110UTA')","(12, '200905090ATL')","(14, '201005030PHO')","(4, '201105030OKC')","(24, '201205190LAC')","(17, '201305130MEM')","(9, '201405120BRK')","(4, '201505170HOU')","(11, '201605110GSW')","(2, '201705010SAS')","(12, '201805090BOS')","(6, '201904290DEN')","(19, '202009130DEN')","(3, '202106110DEN')","(3, '202205080DAL')","(9, '202305070PHO')","(7, '202405120MIN')"
"(4, '199705190UTA')","(13, '199805310CHI')","(12, '199906060POR')","(18, '200005310IND')","(4, '200106010MIL')","(0, '200205180SAC')","(10, '200305080DAL')","(15, '200405100SAC')","(2, '200505100SAS')","(9, '200605150DAL')","(12, '200705090UTA')","(12, '200805140LAL')","(7, '200905110ATL')","(11, '201005050PHO')","(16, '201105070MEM')","(12, '201205200LAC')","(7, '201305150OKC')","(10, '201405140MIA')","(3, '201505030GSW')","(2, '201604300SAS')","(9, '201705030SAS')","(14, '201805010TOR')","(4, '201905010DEN')","(12, '202009150LAC')","(2, '202106130DEN')","(8, '202205100PHO')","(15, '202305090DEN')","(7, '202405140DEN')"
"(5, '199705210UTA')","(0, '199805160UTA')","(6, '199906160SAS')","(9, '200006020NYK')","(9, '200106030PHI')","(7, '200205200SAC')","(16, '200305100SAC')","(17, '200405120SAC')","(10, '200505120SEA')","(10, '200605170SAS')","(13, '200705110GSW')","(0, '200805160UTA')","(5, '200905040BOS')","(18, '201005070SAS')","(18, '201105090MEM')","(6, '201205140OKC')","(18, '201305060SAS')","(0, '201405060SAS')","(2, '201505050GSW')","(13, '201605020SAS')","(6, '201705050HOU')","(9, '201805030TOR')","(10, '201905030POR')","(7, '202009040LAL')","(14, '202106080UTA')","(5, '202205120DAL')","(3, '202305110PHO')","(7, '202405160MIN')"
"(13, '199705230HOU')","(9, '199805180UTA')","(5, '199906180SAS')","(7, '200005200LAL')","(6, '200105190SAS')","(3, '200205240LAL')","(6, '200305110SAC')","(9, '200405140MIN')","(8, '200505150SEA')","(8, '200605190DAL')","(8, '200705130GSW')","(11, '200805030NOH')","(0, '200905060BOS')","(11, '201005090SAS')","(6, '201105110OKC')","(7, '201205160OKC')","(3, '201305080SAS')","(5, '201405080SAS')","(5, '201505090MEM')","(15, '201605060OKC')","(0, '201705070HOU')","(17, '201805050CLE')","(9, '201905050POR')","(21, '202009060LAL')","(21, '202106100UTA')","(0, '202205150PHO')","(14, '202305020GSW')","(20, '202405190DEN')"
"(8, '199705250HOU')","(10, '199805220LAL')","(14, '199906210NYK')","(8, '200005220LAL')","(14, '200105210SAS')","(24, '200205260LAL')","(15, '200305130DAL')","(9, '200405160SAC')","(9, '200505170SAS')","(20, '200605220SAS')","(7, '200705150UTA')","(7, '200805050NOH')","(0, '200905080ORL')","(7, '201005170LAL')","(13, '201105130MEM')","(12, '201205180LAL')","(11, '201305100GSW')","(7, '201405100POR')","(5, '201505110MEM')","(11, '201605080OKC')","(9, '201705090SAS')","(10, '201805070CLE')","(8, '201905070DEN')","(6, '202009080HOU')","(8, '202106120LAC')","(13, '202205010MEM')","(7, '202305040GSW')","(10, '202405070BOS')"
"(6, '199705270UTA')","(4, '199805240LAL')","(7, '199906230NYK')","(14, '200005260POR')","(4, '200105250LAL')","(10, '200205280SAC')","(9, '200305150SAC')","(13, '200405190MIN')","(9, '200505190SEA')","(11, '200605080PHO')","(9, '200705210DET')","(8, '200805080SAS')","(9, '200905100ORL')","(14, '201005190LAL')","(5, '201105150OKC')","(13, '201205190LAL')","(11, '201305120GSW')","(6, '201405120POR')","(13, '201505130GSW')","(13, '201605100SAS')","(7, '201705110HOU')","(3, '201805130BOS')","(10, '201905090POR')","(2, '202009100HOU')","(2, '202106140LAC')","(11, '202205030MEM')","(11, '202305060LAL')","(9, '202405090BOS')"
"(13, '199705290HOU')","(8, '199806030UTA')","(9, '199906250NYK')","(11, '200005280POR')","(0, '200105270LAL')","(7, '200205310LAL')","(12, '200305170DAL')","(9, '200405220IND')","(14, '200505230MIA')","(2, '200605100PHO')","(12, '200705240DET')","(2, '200805110SAS')","(14, '200905120BOS')","(9, '201005230PHO')","(8, '201105150CHI')","(6, '201205210OKC')","(3, '201305140SAS')","(7, '201405140SAS')","(0, '201505150MEM')","(6, '201605120OKC')","(25, '201705140GSW')","(11, '201805150BOS')","(17, '201905120DEN')","(0, '202009120LAL')","(10, '202106160UTA')","(13, '202205070GSW')","(12, '202305080LAL')","(4, '202405110CLE')"
"(7, '199706010CHI')","(8, '199806050UTA')",,"(2, '200005300LAL')","(15, '200106060LAL')","(9, '200206020SAC')","(8, '200305050SAS')","(9, '200405240IND')","(14, '200505250MIA')","(11, '200605120LAC')","(8, '200705270CLE')","(7, '200805130NOH')","(10, '200905140ORL')","(10, '201005250PHO')","(11, '201105180CHI')","(9, '201205270SAS')","(4, '201305160GSW')","(6, '201405050OKC')","(9, '201505200ATL')","(7, '201605170CLE')","(0, '201705160GSW')","(0, '201805190CLE')","(13, '201905150MIL')","(14, '202009150BOS')","(25, '202106180LAC')","(12, '202205090GSW')","(12, '202305100GSW')","(13, '202405130CLE')"
"(0, '199706040CHI')","(5, '199806070CHI')",,"(3, '200006020POR')","(7, '200106080LAL')","(2, '200206050LAL')","(4, '200305070SAS')","(2, '200405260DET')","(10, '200505290DET')","(7, '200605140LAC')","(12, '200705290CLE')","(3, '200805150SAS')","(2, '200905170BOS')","(18, '201005270LAL')","(6, '201105220MIA')","(0, '201205290SAS')","(7, '201305220MIA')","(11, '201405070OKC')","(6, '201505220ATL')","(8, '201605190CLE')","(7, '201705200SAS')","(2, '201805210CLE')","(0, '201905170MIL')","(17, '202009170BOS')","(8, '202106200PHO')","(0, '202205110MEM')","(2, '202305120LAL')","(6, '202405150BOS')"
"(3, '199706060UTA')","(7, '199806100CHI')",,"(16, '200006040LAL')","(5, '200106100PHI')","(0, '200206070LAL')","(0, '200305090LAL')","(3, '200405280DET')","(3, '200505310DET')","(19, '200605160PHO')","(8, '200705310DET')","(11, '200805190NOH')","(16, '200905200CLE')","(6, '201005290PHO')","(11, '201105240MIA')","(8, '201205310OKC')","(13, '201305240MIA')","(7, '201405090LAC')","(10, '201505240CLE')","(5, '201605210TOR')","(2, '201705220SAS')","(5, '201805230BOS')","(11, '201905190TOR')","(0, '202009190MIA')","(9, '202106220PHO')","(9, '202205130GSW')","(2, '202305160DEN')","(13, '202405210BOS')"
"(7, '199706080UTA')","(8, '199806120CHI')",,"(2, '200006070LAL')","(3, '200106130PHI')","(14, '200206090NJN')","(16, '200305110LAL')","(8, '200405300IND')","(4, '200506020MIA')","(8, '200605180LAC')","(9, '200706020CLE')","(8, '200805200BOS')","(23, '200905220CLE')","(0, '201005160ORL')","(13, '201105260CHI')","(8, '201206020OKC')","(4, '201305260IND')","(22, '201405110LAC')","(2, '201505260CLE')","(18, '201605230TOR')","(0, '201705170BOS')","(6, '201805250CLE')","(7, '201905210TOR')","(12, '202009230MIA')","(8, '202106240LAC')","(4, '202205180GSW')","(11, '202305180DEN')","(6, '202405230BOS')"
"(16, '199706110UTA')","(9, '199806140UTA')",,"(5, '200006090LAL')","(7, '200106150PHI')","(11, '200206120NJN')","(2, '200305130SAS')","(14, '200406010DET')","(4, '200506040DET')","(10, '200605220PHO')","(7, '200705200SAS')","(9, '200805220BOS')","(10, '200905240ORL')","(11, '201005180ORL')","(9, '201105170DAL')","(14, '201206040SAS')","(11, '201305280IND')","(15, '201405130OKC')","(16, '201505190GSW')","(2, '201605250CLE')","(0, '201705190BOS')","(12, '201805270BOS')","(14, '201905230MIL')","(12, '202009250BOS')","(0, '202106260LAC')","(19, '202205200GSW')","(14, '202305200LAL')","(18, '202405250IND')"
"(10, '199706130CHI')",,,"(2, '200006110IND')",,,"(9, '200305150LAL')","(7, '200405210MIN')","(10, '200506060MIA')","(12, '200605230DET')","(5, '200705220SAS')","(11, '200805240DET')","(8, '200905260ORL')","(0, '201005220BOS')","(11, '201105190DAL')","(18, '201206060OKC')","(7, '201305300MIA')","(16, '201405150LAC')","(17, '201505210GSW')","(3, '201605270TOR')","(21, '201705210CLE')","(9, '201805140HOU')","(15, '201905250TOR')","(9, '202009270MIA')","(15, '202106280PHO')","(12, '202205220DAL')","(15, '202305220LAL')","(9, '202405270IND')"
,,,"(10, '200006140IND')",,,"(12, '200305180DET')","(3, '200405230MIN')","(11, '200505220PHO')","(2, '200605250DET')","(9, '200705260UTA')","(0, '200805260DET')","(22, '200905280CLE')","(10, '201005240BOS')","(0, '201105210OKC')","(11, '201205280MIA')","(6, '201306010IND')","(0, '201405180IND')","(3, '201505230HOU')","(14, '201605160GSW')","(16, '201705230CLE')","(3, '201805160HOU')","(5, '201905140GSW')","(6, '202009180LAL')","(10, '202106300LAC')","(6, '202205240DAL')","(13, '202305170BOS')","(9, '202405220MIN')"
,,,"(6, '200006160IND')",,,"(11, '200305200DET')","(3, '200405250LAL')","(13, '200505240PHO')","(3, '200605270MIA')","(4, '200705280UTA')","(8, '200805280BOS')","(4, '200905300ORL')","(5, '201005260ORL')","(15, '201105230OKC')","(15, '201205300MIA')","(6, '201306030MIA')","(8, '201405200IND')","(0, '201505250HOU')","(9, '201605180GSW')","(3, '201705250BOS')","(5, '201805200GSW')","(17, '201905160GSW')","(16, '202009200LAL')","(9, '202106230MIL')","(2, '202205260GSW')","(12, '202305190BOS')","(18, '202405240MIN')"
,,,"(12, '200006190LAL')",,,"(7, '200305220NJN')","(6, '200405270LAL')","(2, '200505280SAS')","(14, '200605290MIA')","(4, '200705300SAS')","(10, '200805300DET')","(13, '200905190LAL')","(6, '201005280BOS')","(8, '201105250DAL')","(6, '201206010BOS')","(2, '201305190SAS')","(15, '201405240MIA')","(8, '201505270GSW')","(13, '201605220OKC')","(4, '201706010GSW')","(12, '201805220GSW')","(18, '201905180POR')","(6, '202009220DEN')","(0, '202106250MIL')","(13, '202205170MIA')","(5, '202305210MIA')","(12, '202405260DAL')"
,,,,,,"(2, '200305240NJN')","(10, '200405290MIN')","(7, '200505300SAS')","(11, '200605310DET')","(6, '200706070SAS')","(20, '200805210LAL')","(14, '200905210LAL')","(6, '201006030LAL')","(8, '201105310MIA')","(18, '201206030BOS')","(18, '201305210SAS')","(0, '201405260MIA')","(14, '201506040GSW')","(2, '201605240OKC')","(6, '201706040GSW')","(11, '201805240HOU')","(17, '201905200POR')","(3, '202009240DEN')","(15, '202106270ATL')","(10, '202205190MIA')","(9, '202305230MIA')","(12, '202405280DAL')"
,,,,,,"(18, '200305190SAS')","(13, '200405310LAL')","(7, '200506010PHO')","(2, '200606020MIA')","(2, '200706100SAS')","(6, '200805230LAL')","(8, '200905230DEN')","(14, '201006060LAL')","(15, '201106020MIA')","(13, '201206050MIA')","(18, '201305250MEM')","(11, '201405280IND')","(11, '201506070GSW')","(10, '201605260GSW')","(8, '201706070CLE')","(17, '201805260GSW')","(7, '201905300TOR')","(16, '202009260LAL')","(10, '202106290ATL')","(0, '202205210BOS')","(2, '202305250BOS')","(8, '202405300MIN')"
,,,,,,"(2, '200305210SAS')","(5, '200406060LAL')","(13, '200506090SAS')","(9, '200605240DAL')","(8, '200706120CLE')","(7, '200805250SAS')","(1, '200905250DEN')","(7, '201006080BOS')","(14, '201106050DAL')","(4, '201206070BOS')","(4, '201305270MEM')","(7, '201405300MIA')","(7, '201506090CLE')","(13, '201605280OKC')","(0, '201706090CLE')","(15, '201805280HOU')","(12, '201906020TOR')","(13, '202009300LAL')","(0, '202107010MIL')","(0, '202205230BOS')","(13, '202305270MIA')","(4, '202406060BOS')"
,,,,,,"(11, '200305230DAL')","(11, '200406080LAL')","(0, '200506120SAS')","(8, '200605260DAL')","(11, '200706140CLE')","(14, '200805270SAS')","(7, '200905270LAL')","(8, '201006100BOS')","(9, '201106070DAL')","(11, '201206090MIA')","(9, '201306060MIA')","(15, '201405190SAS')","(7, '201506110CLE')","(13, '201605300GSW')","(8, '201706120GSW')","(11, '201805310GSW')","(2, '201906050GSW')","(2, '202010020LAL')","(0, '202107030ATL')","(7, '202205250MIA')","(5, '202305290BOS')","(7, '202406090BOS')"
,,,,,,"(9, '200305250DAL')","(0, '200406100DET')","(7, '200506140DET')","(11, '200605280PHO')",,"(17, '200805290LAL')","(6, '200905290DEN')","(8, '201006130BOS')","(9, '201106090DAL')","(13, '201206120OKC')","(8, '201306090MIA')","(7, '201405210SAS')","(7, '201506140GSW')","(14, '201606020GSW')",,"(0, '201806030GSW')","(11, '201906070GSW')","(14, '202010040MIA')","(7, '202107060PHO')","(13, '202205270BOS')","(2, '202306010DEN')","(13, '202406120DAL')"
,,,,,,"(19, '200305270SAS')","(5, '200406130DET')","(4, '200506160DET')","(8, '200605300PHO')",,"(7, '200806050BOS')","(5, '200906040LAL')","(3, '201006150LAL')","(12, '201106120MIA')","(0, '201206140OKC')","(11, '201306110SAS')","(4, '201405250OKC')","(13, '201506160CLE')","(6, '201606050GSW')",,"(13, '201806060CLE')","(14, '201906100TOR')","(7, '202010060MIA')","(9, '202107080PHO')","(0, '202205290MIA')","(15, '202306040DEN')","(4, '202406140DAL')"
,,,,,,"(15, '200305290DAL')","(7, '200406150DET')","(9, '200506190DET')","(14, '200606010DAL')",,"(7, '200806080BOS')","(7, '200906070LAL')","(13, '201006170LAL')",,"(10, '201206170MIA')","(10, '201306130SAS')","(8, '201405270OKC')",,"(0, '201606080CLE')",,"(11, '201806080CLE')","(9, '201906130GSW')","(11, '202010090LAL')","(6, '202107110MIL')","(15, '202206020GSW')","(5, '202306070MIA')","(0, '202406170BOS')"
,,,,,,"(6, '200306040SAS')",,"(6, '200506210SAS')","(18, '200606030PHO')",,"(11, '200806100LAL')","(9, '200906090ORL')",,,"(17, '201206190MIA')","(5, '201306160SAS')","(7, '201405290SAS')",,"(8, '201606100CLE')",,,,"(5, '202010110MIA')","(9, '202107140MIL')","(9, '202206050GSW')","(7, '202306090MIA')",
,,,,,,"(8, '200306060SAS')",,"(9, '200506230SAS')","(11, '200606080DAL')",,"(24, '200806120LAL')","(12, '200906110ORL')",,,"(2, '201206210MIA')","(13, '201306180MIA')","(12, '201405310OKC')",,"(7, '201606130GSW')",,,,,"(16, '202107170PHO')","(18, '202206080BOS')","(10, '202306120DEN')",
,,,,,,"(8, '200306080NJN')",,,"(7, '200606110DAL')",,"(19, '200806150LAL')","(9, '200906140ORL')",,,,"(7, '201306200MIA')","(9, '201406050SAS')",,"(0, '201606160CLE')",,,,,"(13, '202107200MIL')","(7, '202206100BOS')",,
,,,,,,"(15, '200306110NJN')",,,"(13, '200606130MIA')",,"(4, '200806170BOS')",,,,,,"(11, '201406080SAS')",,"(8, '201606190GSW')",,,,,,"(16, '202206130GSW')",,
,,,,,,"(9, '200306130NJN')",,,"(4, '200606150MIA')",,,,,,,,"(2, '201406100MIA')",,,,,,,,"(12, '202206160BOS')",,
,,,,,,"(12, '200306150SAS')",,,"(11, '200606180MIA')",,,,,,,,"(2, '201406120MIA')",,,,,,,,,,
,,,,,,,,,"(14, '200606200DAL')",,,,,,,,"(16, '201406150SAS')",,,,,,,,,,
,,,,,,,,,,,,,,,,,,,,,,,,,,,
,,,,,,,,,,,,,,,,,,,,,,,,,,,
,,,,,,,,,,,,,,,,,,,,,,,,,,,
,,,,,,,,,,,,,,,,,,,,,,,,,,,
,,,,,,,,,,,,,,,,,,,,,,,,,,,
,,,,,,,,,,,,,,,,,,,,,,,,,,,
,,,,,,,,,,,,,,,,,,,,,,,,,,,
,,,,,,,,,,,,,,,,,,,,,,,,,,,
,,,,,,,,,,,,,,,,,,,,,,,,,,,
,,,,,,,,,,,,,,,,,,,,,,,,,,,
,,,,,,,,,,,,,,,,,,,,,,,,,,,
,,,,,,,,,,,,,,,,,,,,,,,,,,,
,,,,,,,,,,,,,,,,,,,,,,,,,,,
,,,,,,,,,,,,,,,,,,,,,,,,,,,
,,,,,,,,,,,,,,,,,,,,,,,,,,,
,,,,,,,,,,,,,,,,,,,,,,,,,,,
